parameter_shortname;parameter_description_de;parameter_description_fr;parameter_description_it;parameter_description_en;parameter_group_de;parameter_group_fr;parameter_group_it;parameter_group_en;parameter_granularity;parameter_decimals;parameter_datatype;parameter_unit
rre150d0;"Niederschlag; Tagessumme 6 UTC - 6 UTC Folgetag";"PrÕcipitations; somme journaliÒre 6 UTC - 6 UTC du jour suivant";"Precipitazioni; somma giornaliera 6 UTC - 6 UTC del giorno seguente";"Precipitation; daily total 6 UTC - 6 UTC following day";Niederschlag;PrÕcipitations;Precipitazioni;Precipitation;D;1;Float;mm
rre150m0;"Niederschlag; Monatssumme";"PrÕcipitations; somme mensuelle";"Precipitazioni; somma mensile";"Precipitation; monthly total";Niederschlag;PrÕcipitations;Precipitazioni;Precipitation;M;1;Float;mm
hns000m0;"Neuschneeh—he; Monatssumme der tðglichen Messungen";"èpaisseur de neige; somme mensuelle des mesures journaliÒres";"Neve fresca; somma mensile degli accumuli giornalieri";"Fresh snow; monthly total of the daily measurements";Schnee;Neige;Neve;Snow;M;0;Integer;cm
hnsnd0m0;"Neuschneeh—he; Anzahl Tage des Monats mit messbarem Neuschnee";"èpaisseur de neige fraŸche; nombre de jours du mois avec neige fraŸche mesurable";"Neve fresca; numero di giorni al mese con neve fresca misurabile";"Fresh snow; number of days in a month with measurable fresh snow";Schnee;Neige;Neve;Snow;M;0;Integer;No
rre150y0;"Niederschlag; Jahressumme";"PrÕcipitations; somme annuelle";"Precipitazioni; somma annuale";"Precipitation; annual total";Niederschlag;PrÕcipitations;Precipitazioni;Precipitation;Y;1;Float;mm
hns000y0;"Neuschneeh—he; Jahressumme der tðglichen Messungen";"èpaisseur de neige; somme annuelle des mesures journaliÒres";"Neve fresca; somma annuale degli accumuli giornalieri";"Fresh snow; annual total of the daily merasurements";Schnee;Neige;Neve;Snow;Y;0;Integer;cm
hnsnd0y0;"Neuschneeh—he; Anzahl Tage des Jahres mit messbarem Neuschnee";"èpaisseur de neige fraŸche; nombre de jours de l'annÕe avec neige fraŸche mesurable";"Neve fresca; numero di giorni all'anno con neve fresca misurabile";"Fresh snow; number of days in a year with measurable fresh snow";Schnee;Neige;Neve;Snow;Y;0;Integer;No
hnd000y0;"Schneeh—he; Anzahl Tage des Jahres mit messbarem Schnee";"Hauteur de neige; nombre de jours de l'annÕe avec neige mesurable";"Altezza del manto nevoso; numero di giorni all'anno con neve misurabile";"Snow depth; number of days in a year with measurable snow";Schnee;Neige;Neve;Snow;Y;0;Integer;No
hns000d0;"Neuschneeh—he; Tagessumme 6 UTC - 6 UTC Folgetag";"èpaisseur de neige; somme journaliÒre 6 UTC - 6 UTC du jour suivant";"Neve fresca; accumulo giornaliero 6 UTC - 6 UTC del giorno seguente";"Fresh snow; daily total 6 UTC - 6 UTC following day";Schnee;Neige;Neve;Snow;D;0;Integer;cm
hto000d0;"Schneeh—he; Morgenmessung von 6 UTC";"Hauteur de neige; mesure matinale de 6 UTC";"Altezza del manto nevoso; misura delle 6 UTC";"Snow depth; morning measurement at 6 UTC";Schnee;Neige;Neve;Snow;D;0;Integer;cm
hnd000m0;"Schneeh—he; Anzahl Tage des Monats mit messbarem Schnee";"Hauteur de neige; nombre de jours du mois avec neige mesurable";"Altezza del manto nevoso; numero di giorni al mese con neve misurabile";"Snow depth; number of days in a month with measurable snow";Schnee;Neige;Neve;Snow;M;0;Integer;No
hto000m0;"Schneeh—he; Monatsmittel";"Hauteur de neige; moyenne mensuelle";"Altezza del manto nevoso; media mensile";"Snow depth; monthly mean";Schnee;Neige;Neve;Snow;M;0;Integer;cm
hto000y0;"Schneeh—he; Jahresmittel";"Hauteur de neige; moyenne annuelle";"Altezza del manto nevoso; media annuale";"Snow depth; annual mean";Schnee;Neige;Neve;Snow;Y;0;Integer;cm
hns000l0;"Neuschneeh—he; Summe August - Juli";"èpaisseur de neige; somme ao«t - juillet";"Neve fresca; somma agosto-luglio";"Fresh snow; total from August to July";Schnee;Neige;Neve;Snow;Y;0;Integer;cm
hnsnd0l0;"Neuschneeh—he; Anzahl Tage des Jahres mit messbarem Neuschnee; Summe August - Juli";"èpaisseur de neige fraŸche; nombre de jours de l'annÕe avec neige fraŸche mesurable; somme ao«t - juillet";"Neve fresca; numero di giorni all'anno con neve fresca misurabile; somma agosto - luglio";"Fresh snow; number of days in a year with measurable fresh snow, total from August to July";Schnee;Neige;Neve;Snow;Y;0;Integer;No
hnd000l0;"Schneeh—he; Anzahl Tage des Jahres mit messbarem Schnee; Summe August - Juli";"Hauteur de neige; nombre de jours de l'annÕe avec neige mesurable, somme ao«t - juillet";"Altezza del manto nevoso; numero di giorni all'anno con neve misurabile, somma agosto - luglio";"Snow depth; number of days in a year with measurable snow, total from August to July";Schnee;Neige;Neve;Snow;Y;0;Integer;No
hto000l0;"Schneeh—he; Jahresmittel vom August - Juli";"Hauteur de neige; moyenne annuelle ao«t - juillet";"Altezza del manto nevoso; media annuale agosto - luglio";"Snow depth; annual mean from August to July";Schnee;Neige;Neve;Snow;Y;0;Integer;cm
